pseudo	target_pseudo	common_tweet	common_ngram
Jacques_j_r	jbdespelotes	288	7290
jbdespelotes	Jacques_j_r	288	7290
jbdespelotes	solarcx69	270	6830
solarcx69	jbdespelotes	270	6830
Jacques_j_r	solarcx69	247	6186
solarcx69	Jacques_j_r	247	6186
guyboulianne	LorrainRuth	102	2352
LorrainRuth	guyboulianne	102	2352
EricFouque	jbdespelotes	72	1872
Jab52201002	jbdespelotes	72	1886
jbdespelotes	EricFouque	72	1872
jbdespelotes	Jab52201002	72	1886
jbdespelotes	LandelleDavid	72	1936
jbdespelotes	MCFanjas	72	1925
LandelleDavid	jbdespelotes	72	1936
MCFanjas	jbdespelotes	72	1925
Jacques_j_r	LandelleDavid	65	1715
LandelleDavid	Jacques_j_r	65	1715
EricFouque	Jacques_j_r	64	1486
Jab52201002	Jacques_j_r	64	1520
Jacques_j_r	EricFouque	64	1486
Jacques_j_r	Jab52201002	64	1520
Jacques_j_r	MCFanjas	64	1704
MCFanjas	Jacques_j_r	64	1704
LandelleDavid	solarcx69	61	1589
solarcx69	LandelleDavid	61	1589
Alicesweatdream	conspjustice	60	720
conspjustice	Alicesweatdream	60	720
EricFouque	solarcx69	60	1420
Jab52201002	solarcx69	60	1449
MCFanjas	solarcx69	60	1592
solarcx69	EricFouque	60	1420
solarcx69	Jab52201002	60	1449
solarcx69	MCFanjas	60	1592
badiramour	Monteverdeau1	51	1828
Monteverdeau1	badiramour	51	1828
AimarreJan	Artemisiaisgood	46	644
AlainPatrickM	Artemisiaisgood	46	644
Artemisiaisgood	AimarreJan	46	644
Artemisiaisgood	AlainPatrickM	46	644
Artemisiaisgood	DMrjoc	46	690
Artemisiaisgood	GeneviveCaron18	46	644
Artemisiaisgood	Highlander__88	46	667
Artemisiaisgood	kte06kte	46	644
Artemisiaisgood	LevyLoiseau	46	644
DMrjoc	Artemisiaisgood	46	690
GeneviveCaron18	Artemisiaisgood	46	644
Highlander__88	Artemisiaisgood	46	667
kte06kte	Artemisiaisgood	46	644
LevyLoiseau	Artemisiaisgood	46	644
Jdd_MOUTSINGA	laizet2	37	762
laizet2	Jdd_MOUTSINGA	37	762
jbdespelotes	smoossth	36	432
jbdespelotes	Synsei1	36	1000
smoossth	jbdespelotes	36	432
Synsei1	jbdespelotes	36	1000
AubeDigitale	Nova153	33	612
Franois592	LevyLoiseau	33	363
LevyLoiseau	Franois592	33	363
Nova153	AubeDigitale	33	612
Jacques_j_r	smoossth	32	416
Jacques_j_r	Synsei1	32	874
smoossth	Jacques_j_r	32	416
smoossth	solarcx69	32	396
solarcx69	smoossth	32	396
Synsei1	Jacques_j_r	32	874
conspjustice	Overgam10544834	31	386
Overgam10544834	conspjustice	31	386
Alicesweatdream	Barberis888	30	360
Barberis888	Alicesweatdream	30	360
solarcx69	Synsei1	30	780
Synsei1	solarcx69	30	780
DanceKawine	FranceRsistanc1	29	406
FranceRsistanc1	DanceKawine	29	406
FranceRsistanc1	myzen2	29	406
FranceRsistanc1	Xtian19580727	29	406
myzen2	FranceRsistanc1	29	406
Xtian19580727	FranceRsistanc1	29	406
Barberis888	conspjustice	28	423
conspjustice	Barberis888	28	423
Quisuisje13	Rakiko_Hime	26	334
Rakiko_Hime	Quisuisje13	26	334
Jdd_MOUTSINGA	ZayUma	25	473
ZayUma	Jdd_MOUTSINGA	25	473
conspjustice	FranceRsistanc1	24	437
FranceRsistanc1	conspjustice	24	437
laizet2	ZayUma	24	468
Oiel0006	pinkette234	24	390
pinkette234	Oiel0006	24	390
ZayUma	laizet2	24	468
_informaction	Artemisiaisgood	23	322
Alvisyma	Artemisiaisgood	23	345
Artemisiaisgood	_informaction	23	322
Artemisiaisgood	Alvisyma	23	345
Artemisiaisgood	dan_ist	23	322
Artemisiaisgood	DanceKawine	23	322
Artemisiaisgood	DocteurGonzo4	23	253
Artemisiaisgood	Frexit276	23	322
Artemisiaisgood	G_Bartolomeo66	23	368
Artemisiaisgood	GTroikar	23	368
Artemisiaisgood	guyboulianne	23	322
Artemisiaisgood	hugo_contact	23	345
Artemisiaisgood	InoussK	23	322
Artemisiaisgood	IsabelleLaisia	23	322
Artemisiaisgood	jcd92410	23	322
Artemisiaisgood	jeanefbey2	23	322
Artemisiaisgood	JeanMarc312	23	322
Artemisiaisgood	JOSEPH14SY	23	299
Artemisiaisgood	JusticeEtLoi	23	322
Artemisiaisgood	kittylt	23	322
Artemisiaisgood	LalobaRose	23	322
Artemisiaisgood	lavenircnous	23	322
Artemisiaisgood	Mariett64686240	23	322
Artemisiaisgood	netoyens	23	345
Artemisiaisgood	orage31044	23	322
Artemisiaisgood	SaN20140650	23	368
Artemisiaisgood	Saskia2019	23	253
Artemisiaisgood	seniorittee	23	253
Artemisiaisgood	SieurFranck	23	322
Artemisiaisgood	Snk361	23	322
Artemisiaisgood	somarak3	23	322
Artemisiaisgood	steffKurious	23	322
Artemisiaisgood	steffvenere	23	322
Artemisiaisgood	thalassa2008	23	322
dan_ist	Artemisiaisgood	23	322
DanceKawine	Artemisiaisgood	23	322
DocteurGonzo4	Artemisiaisgood	23	253
Frexit276	Artemisiaisgood	23	322
G_Bartolomeo66	Artemisiaisgood	23	368
GTroikar	Artemisiaisgood	23	368
guyboulianne	Artemisiaisgood	23	322
hugo_contact	Artemisiaisgood	23	345
InoussK	Artemisiaisgood	23	322
IsabelleLaisia	Artemisiaisgood	23	322
jcd92410	Artemisiaisgood	23	322
jeanefbey2	Artemisiaisgood	23	322
JeanMarc312	Artemisiaisgood	23	322
JOSEPH14SY	Artemisiaisgood	23	299
JsusMisricordi1	misericorde2020	23	717
JusticeEtLoi	Artemisiaisgood	23	322
kittylt	Artemisiaisgood	23	322
LalobaRose	Artemisiaisgood	23	322
lavenircnous	Artemisiaisgood	23	322
Mariett64686240	Artemisiaisgood	23	322
misericorde2020	JsusMisricordi1	23	717
netoyens	Artemisiaisgood	23	345
orage31044	Artemisiaisgood	23	322
SaN20140650	Artemisiaisgood	23	368
Saskia2019	Artemisiaisgood	23	253
seniorittee	Artemisiaisgood	23	253
SieurFranck	Artemisiaisgood	23	322
Snk361	Artemisiaisgood	23	322
somarak3	Artemisiaisgood	23	322
steffKurious	Artemisiaisgood	23	322
steffvenere	Artemisiaisgood	23	322
thalassa2008	Artemisiaisgood	23	322
conspjustice	Rakiko_Hime	21	389
FranceRsistanc1	LevyLoiseau	21	320
LevyLoiseau	FranceRsistanc1	21	320
Rakiko_Hime	conspjustice	21	389
Alicesweatdream	AnneIbiza13	20	240
Alicesweatdream	aux_frontieres	20	240
Alicesweatdream	Danygo97	20	240
Alicesweatdream	GrobisR	20	250
Alicesweatdream	IOANIDIS1	20	240
Alicesweatdream	orphee45	20	240
Alicesweatdream	PERLOU55	20	240
AnneIbiza13	Alicesweatdream	20	240
aux_frontieres	Alicesweatdream	20	240
conspjustice	IOANIDIS1	20	343
Danygo97	Alicesweatdream	20	240
GrobisR	Alicesweatdream	20	250
IOANIDIS1	Alicesweatdream	20	240
IOANIDIS1	conspjustice	20	343
orphee45	Alicesweatdream	20	240
PERLOU55	Alicesweatdream	20	240
FranceRsistanc1	Rakiko_Hime	19	386
guyboulianne	languillem	19	559
languillem	guyboulianne	19	559
marielenbenede	MARTELCharles13	19	541
MARTELCharles13	marielenbenede	19	541
Rakiko_Hime	FranceRsistanc1	19	386
AstroRainbow	jbdespelotes	18	492
badiramour	loindevant	18	244
InfoManip	jbdespelotes	18	216
jbdespelotes	AstroRainbow	18	492
jbdespelotes	InfoManip	18	216
jbdespelotes	ORiNOCO_117	18	289
jbdespelotes	RoullierY	18	288
jbdespelotes	tarod64600	18	216
jbdespelotes	thuiop1	18	288
languillem	LorrainRuth	18	306
loindevant	badiramour	18	244
LorrainRuth	languillem	18	306
ORiNOCO_117	jbdespelotes	18	289
RoullierY	jbdespelotes	18	288
tarod64600	jbdespelotes	18	216
thuiop1	jbdespelotes	18	288
Aladerecha5	LorrainRuth	17	438
badiramour	FranceRsistanc1	17	243
ClocloQuebec4	LorrainRuth	17	438
EbenYaakov	LorrainRuth	17	438
FranceRsistanc1	badiramour	17	243
jsp1963	leblogALupus	17	434
leblogALupus	jsp1963	17	434
LissandraLJ	LorrainRuth	17	234
LorrainRuth	Aladerecha5	17	438
LorrainRuth	ClocloQuebec4	17	438
LorrainRuth	EbenYaakov	17	438
LorrainRuth	LissandraLJ	17	234
LorrainRuth	NazratatReig06	17	408
NazratatReig06	LorrainRuth	17	408
AstroRainbow	Jacques_j_r	16	461
Barberis888	CMJdessin	16	224
CMJdessin	Barberis888	16	224
EricFouque	Jab52201002	16	482
EricFouque	LandelleDavid	16	416
EricFouque	MCFanjas	16	408
InfoManip	Jacques_j_r	16	205
InfoManip	solarcx69	16	198
Jab52201002	EricFouque	16	482
Jab52201002	LandelleDavid	16	408
Jab52201002	MCFanjas	16	406
Jacques_j_r	AstroRainbow	16	461
Jacques_j_r	InfoManip	16	205
Jacques_j_r	ORiNOCO_117	16	254
Jacques_j_r	RoullierY	16	249
Jacques_j_r	tarod64600	16	210
Jacques_j_r	thuiop1	16	254
LandelleDavid	EricFouque	16	416
LandelleDavid	Jab52201002	16	408
LandelleDavid	MCFanjas	16	512
MCFanjas	EricFouque	16	408
MCFanjas	Jab52201002	16	406
MCFanjas	LandelleDavid	16	512
ORiNOCO_117	Jacques_j_r	16	254
ORiNOCO_117	solarcx69	16	264
RoullierY	Jacques_j_r	16	249
solarcx69	InfoManip	16	198
solarcx69	ORiNOCO_117	16	264
solarcx69	tarod64600	16	198
solarcx69	thuiop1	16	263
tarod64600	Jacques_j_r	16	210
tarod64600	solarcx69	16	198
thuiop1	Jacques_j_r	16	254
thuiop1	solarcx69	16	263
AstroRainbow	solarcx69	15	420
conspjustice	laizet2	15	230
laizet2	conspjustice	15	230
laizet2	LevyLoiseau	15	269
LevyLoiseau	laizet2	15	269
LevyLoiseau	loindevant	15	253
LevyLoiseau	Rakiko_Hime	15	297
loindevant	LevyLoiseau	15	253
Rakiko_Hime	LevyLoiseau	15	297
RoullierY	solarcx69	15	232
solarcx69	AstroRainbow	15	420
solarcx69	RoullierY	15	232
badiramour	VOiseaufeu	14	235
CarlAntoine	Planetes360	14	214
conspjustice	LevyLoiseau	14	243
laizet2	PERLOU55	14	257
leJDD	MokhtarFrancois	14	168
LevyLoiseau	conspjustice	14	243
MokhtarFrancois	leJDD	14	168
PERLOU55	laizet2	14	257
Planetes360	CarlAntoine	14	214
VOiseaufeu	badiramour	14	235
361Yra	Quisuisje13	13	167
androctone	Quisuisje13	13	167
AponiLife	Quisuisje13	13	167
Arlettedaix13	Quisuisje13	13	167
AumassonNorbert	Quisuisje13	13	167
aux_frontieres	conspjustice	13	215
badiramour	LevyLoiseau	13	165
Barberis888	LeNidAigle3	13	199
BenjaminLvy	Quisuisje13	13	167
cherifat	Quisuisje13	13	167
cma19600	Quisuisje13	13	167
conspjustice	aux_frontieres	13	215
conspjustice	Danygo97	13	189
conspjustice	Kernunnos	13	217
Danygo97	conspjustice	13	189
DespaigneElyane	Quisuisje13	13	167
estherPajars2	Quisuisje13	13	167
EtienneVivet	Quisuisje13	13	167
ExoPortail	jsp1963	13	240
fbl180	Quisuisje13	13	167
feecloc90367787	Quisuisje13	13	167
FerdinandSauser	Quisuisje13	13	167
FranceRsistanc1	Quisuisje13	13	167
HeleneMichel16	Quisuisje13	13	167
herve_ferrant	Quisuisje13	13	167
Humanite_Danger	Quisuisje13	13	167
ilsjos	Quisuisje13	13	167
InfoMdia	Quisuisje13	13	167
IOANIDIS1	Quisuisje13	13	167
isabelledu7121	Quisuisje13	13	167
janyabadi	Quisuisje13	13	167
jean_garrec	Quisuisje13	13	167
JeanBN3	Quisuisje13	13	167
JeanneKarp	Quisuisje13	13	167
JpTrebor	Quisuisje13	13	167
jsp1963	ExoPortail	13	240
Kernunnos	conspjustice	13	217
kittylt	LevyLoiseau	13	279
Krieger66362259	LevyLoiseau	13	237
languillem	laurent_daniel	13	172
laurent_daniel	languillem	13	172
LeNidAigle3	Barberis888	13	199
LevyLoiseau	badiramour	13	165
LevyLoiseau	kittylt	13	279
LevyLoiseau	Krieger66362259	13	237
LucPasteur1	Quisuisje13	13	167
Makavdella	Quisuisje13	13	167
MBentabd	Quisuisje13	13	167
monzrc	Quisuisje13	13	167
NIBECAPA	Quisuisje13	13	167
pierrezt	Quisuisje13	13	167
QincCa	Quisuisje13	13	167
Quisuisje13	361Yra	13	167
Quisuisje13	androctone	13	167
Quisuisje13	AponiLife	13	167
Quisuisje13	Arlettedaix13	13	167
Quisuisje13	AumassonNorbert	13	167
Quisuisje13	BenjaminLvy	13	167
Quisuisje13	cherifat	13	167
Quisuisje13	cma19600	13	167
Quisuisje13	DespaigneElyane	13	167
Quisuisje13	estherPajars2	13	167
Quisuisje13	EtienneVivet	13	167
Quisuisje13	fbl180	13	167
Quisuisje13	feecloc90367787	13	167
Quisuisje13	FerdinandSauser	13	167
Quisuisje13	FranceRsistanc1	13	167
Quisuisje13	HeleneMichel16	13	167
Quisuisje13	herve_ferrant	13	167
Quisuisje13	Humanite_Danger	13	167
Quisuisje13	ilsjos	13	167
Quisuisje13	InfoMdia	13	167
Quisuisje13	IOANIDIS1	13	167
Quisuisje13	isabelledu7121	13	167
Quisuisje13	janyabadi	13	167
Quisuisje13	jean_garrec	13	167
Quisuisje13	JeanBN3	13	167
Quisuisje13	JeanneKarp	13	167
Quisuisje13	JpTrebor	13	167
Quisuisje13	LucPasteur1	13	167
Quisuisje13	Makavdella	13	167
Quisuisje13	MBentabd	13	167
Quisuisje13	monzrc	13	167
Quisuisje13	NIBECAPA	13	167
Quisuisje13	pierrezt	13	167
Quisuisje13	QincCa	13	167
Quisuisje13	reis_cidalia	13	167
Quisuisje13	RhoddeNathalie	13	167
Quisuisje13	rochtorret	13	167
Quisuisje13	RouchVanessa	13	167
Quisuisje13	saphirebene	13	167
Quisuisje13	scientificbrown	13	167
Quisuisje13	Sephite7	13	167
Quisuisje13	StPierreLise2	13	167
Quisuisje13	sybilleverlac	13	167
Quisuisje13	thomb1997F	13	143
Quisuisje13	ThomLePaladin	13	167
Quisuisje13	VIKING13100	13	167
Quisuisje13	YellowFlagsInf1	13	167
Quisuisje13	YTHEZE	13	167
Quisuisje13	YvThiebaut	13	167
Quisuisje13	ZeganadinClaud1	13	167
reis_cidalia	Quisuisje13	13	167
RhoddeNathalie	Quisuisje13	13	167
rochtorret	Quisuisje13	13	167
RouchVanessa	Quisuisje13	13	167
saphirebene	Quisuisje13	13	167
scientificbrown	Quisuisje13	13	167
Sephite7	Quisuisje13	13	167
StPierreLise2	Quisuisje13	13	167
sybilleverlac	Quisuisje13	13	167
thomb1997F	Quisuisje13	13	143
ThomLePaladin	Quisuisje13	13	167
VIKING13100	Quisuisje13	13	167
YellowFlagsInf1	Quisuisje13	13	167
YTHEZE	Quisuisje13	13	167
YvThiebaut	Quisuisje13	13	167
ZeganadinClaud1	Quisuisje13	13	167
AnneIbiza13	conspjustice	12	188
Artanagot	FranceRsistanc1	12	252
AtemAknamkanon	RadioLachine	12	132
AubeDigitale	LevyLoiseau	12	254
Barberis888	DrunkpaMaster	12	171
conspjustice	AnneIbiza13	12	188
conspjustice	GrobisR	12	176
conspjustice	Krieger66362259	12	170
conspjustice	orphee45	12	178
conspjustice	PERLOU55	12	168
conspjustice	Thaghost33	12	172
Diamantlugo	kha_V_dag	12	135
DrunkpaMaster	Barberis888	12	171
FranceRsistanc1	Artanagot	12	252
FranceRsistanc1	SaN20140650	12	252
GilbertAveugle	IrishCo82996599	12	159
GrobisR	conspjustice	12	176
IrishCo82996599	GilbertAveugle	12	159
kha_V_dag	Diamantlugo	12	135
Krieger66362259	conspjustice	12	170
LevyLoiseau	AubeDigitale	12	254
LevyLoiseau	reseau_internat	12	233
marielenbenede	Rakiko_Hime	12	303
orphee45	conspjustice	12	178
PERLOU55	conspjustice	12	168
RadioLachine	AtemAknamkanon	12	132
Rakiko_Hime	marielenbenede	12	303
reseau_internat	LevyLoiseau	12	233
SaN20140650	FranceRsistanc1	12	252
Thaghost33	conspjustice	12	172
babibelle33	badiramour	11	165
badiramour	babibelle33	11	165
badiramour	laizet2	11	143
Barberis888	daventure1	11	147
Barberis888	LevyLoiseau	11	210
Barberis888	reseau_internat	11	207
conspjustice	fulberti_laving	11	165
conspjustice	marielenbenede	11	229
conspjustice	yannick_stopyra	11	155
daventure1	Barberis888	11	147
Franois592	IOANIDIS1	11	121
Franois592	PkkWalter	11	121
fulberti_laving	conspjustice	11	165
IOANIDIS1	Franois592	11	121
Krieger66362259	Planetes360	11	159
laizet2	badiramour	11	143
LevyLoiseau	Barberis888	11	210
LevyLoiseau	Nova153	11	237
marielenbenede	conspjustice	11	229
Nova153	LevyLoiseau	11	237
PkkWalter	Franois592	11	121
Planetes360	Krieger66362259	11	159
Rakiko_Hime	Thaghost33	11	150
reseau_internat	Barberis888	11	207
Thaghost33	Rakiko_Hime	11	150
yannick_stopyra	conspjustice	11	155
AbbeToniere	Alicesweatdream	10	120
ACcilia4	Alicesweatdream	10	120
AdrRv	Alicesweatdream	10	120
Alicesweatdream	AbbeToniere	10	120
Alicesweatdream	ACcilia4	10	120
Alicesweatdream	AdrRv	10	120
Alicesweatdream	alixmarielle	10	110
Alicesweatdream	AMaddy2	10	120
Alicesweatdream	andreaventura01	10	120
Alicesweatdream	AnnePFLEGER	10	120
Alicesweatdream	ArianeWalter	10	120
Alicesweatdream	aysegul_koker	10	120
Alicesweatdream	babibelle33	10	120
Alicesweatdream	Bassinrebel	10	120
Alicesweatdream	Bruno_Level	10	120
Alicesweatdream	carcajou76865	10	120
Alicesweatdream	Carojacob2	10	120
Alicesweatdream	carou68	10	120
Alicesweatdream	cherifo62	10	120
Alicesweatdream	chrisfrayt	10	120
Alicesweatdream	DanielleThurel	10	120
Alicesweatdream	DeMolay82619496	10	120
Alicesweatdream	denmoi1	10	120
Alicesweatdream	DespaigneElyane	10	120
Alicesweatdream	DIACONESCOTV	10	120
Alicesweatdream	DialloLexdex12	10	120
Alicesweatdream	didiergildas	10	120
Alicesweatdream	Disciple2Dieu	10	120
Alicesweatdream	djipipi	10	120
Alicesweatdream	DrIsalinares	10	120
Alicesweatdream	DrunkpaMaster	10	120
Alicesweatdream	EcologieRive	10	120
Alicesweatdream	ecureuil1065	10	120
Alicesweatdream	ElisabethFaure1	10	130
Alicesweatdream	ELLETW6	10	120
Alicesweatdream	eustache_luigy	10	120
Alicesweatdream	fbl180	10	120
Alicesweatdream	floscorpion	10	120
Alicesweatdream	Foggy996	10	110
Alicesweatdream	FranceRsistanc1	10	120
Alicesweatdream	FREYERMUTHHube1	10	120
Alicesweatdream	fulberti_laving	10	120
Alicesweatdream	haltebourg1	10	120
Alicesweatdream	herve_ferrant	10	120
Alicesweatdream	JacquesBoin	10	120
Alicesweatdream	JahardF	10	120
Alicesweatdream	JANVIERClaude1	10	120
Alicesweatdream	JanvierGeorgia	10	120
Alicesweatdream	JBaht	10	120
Alicesweatdream	jeannick_odier	10	120
Alicesweatdream	jeanpaulalain	10	120
Alicesweatdream	KabeAzem	10	120
Alicesweatdream	Kamalstar1979	10	120
Alicesweatdream	KESTUDIDOUDOU	10	120
Alicesweatdream	Krieger66362259	10	120
Alicesweatdream	laizet2	10	120
Alicesweatdream	Langoisse4	10	120
Alicesweatdream	lavenircnous	10	120
Alicesweatdream	lucydix_t	10	120
Alicesweatdream	majormedben	10	120
Alicesweatdream	marielenbenede	10	120
Alicesweatdream	MARTELCharles13	10	120
Alicesweatdream	MERLINCLUBHOUSE	10	120
Alicesweatdream	MMair13	10	120
Alicesweatdream	NazratatReig06	10	120
Alicesweatdream	ouiza8	10	120
Alicesweatdream	Pacharlotte3	10	120
Alicesweatdream	perlenacre2	10	120
Alicesweatdream	PierreAFontaine	10	120
Alicesweatdream	Rakiko_Hime	10	120
Alicesweatdream	RaldaEsmee	10	120
Alicesweatdream	RegisFaguelin	10	120
Alicesweatdream	reseau_internat	10	120
Alicesweatdream	RhoddeNathalie	10	120
Alicesweatdream	RosaU07994539	10	120
Alicesweatdream	rotciv1003	10	120
Alicesweatdream	steffvenere	10	110
Alicesweatdream	sunuker_com	10	120
Alicesweatdream	Thaghost33	10	120
Alicesweatdream	theoditalia	10	120
Alicesweatdream	TiensTiens8	10	120
Alicesweatdream	trinacrie	10	120
Alicesweatdream	Uston76	10	120
Alicesweatdream	veroni	10	120
Alicesweatdream	VeroniqueBlan20	10	120
Alicesweatdream	vivavalval	10	120
Alicesweatdream	yannick_stopyra	10	120
Alicesweatdream	YvesPDB	10	120
alixmarielle	Alicesweatdream	10	110
AMaddy2	Alicesweatdream	10	120
andreaventura01	Alicesweatdream	10	120
AnnePFLEGER	Alicesweatdream	10	120
ArianeWalter	Alicesweatdream	10	120
aysegul_koker	Alicesweatdream	10	120
babibelle33	Alicesweatdream	10	120
badiramour	cherielle100	10	164
badiramour	ivoiremessages	10	144
badiramour	JJKer3	10	118
badiramour	jsp1963	10	129
badiramour	pedromido67	10	118
badiramour	steffvenere	10	118
Barberis888	bmichel7	10	186
Barberis888	IrishCo82996599	10	196
Barberis888	laizet2	10	170
Bassinrebel	Alicesweatdream	10	120
bmichel7	Barberis888	10	186
Bruno_Level	Alicesweatdream	10	120
carcajou76865	Alicesweatdream	10	120
Carojacob2	Alicesweatdream	10	120
carou68	Alicesweatdream	10	120
cherielle100	badiramour	10	164
cherifo62	Alicesweatdream	10	120
chrisfrayt	Alicesweatdream	10	120
conspjustice	FritzHelmut3	10	120
conspjustice	jsp1963	10	143
conspjustice	MARTELCharles13	10	214
DanielleThurel	Alicesweatdream	10	120
DeMolay82619496	Alicesweatdream	10	120
denmoi1	Alicesweatdream	10	120
DespaigneElyane	Alicesweatdream	10	120
DIACONESCOTV	Alicesweatdream	10	120
DialloLexdex12	Alicesweatdream	10	120
didiergildas	Alicesweatdream	10	120
Disciple2Dieu	Alicesweatdream	10	120
djipipi	Alicesweatdream	10	120
DrIsalinares	Alicesweatdream	10	120
DrunkpaMaster	Alicesweatdream	10	120
EcologieRive	Alicesweatdream	10	120
ecureuil1065	Alicesweatdream	10	120
ElisabethFaure1	Alicesweatdream	10	130
ELLETW6	Alicesweatdream	10	120
eustache_luigy	Alicesweatdream	10	120
fbl180	Alicesweatdream	10	120
floscorpion	Alicesweatdream	10	120
Foggy996	Alicesweatdream	10	110
FranceRsistanc1	Alicesweatdream	10	120
FREYERMUTHHube1	Alicesweatdream	10	120
FritzHelmut3	conspjustice	10	120
fulberti_laving	Alicesweatdream	10	120
haltebourg1	Alicesweatdream	10	120
herve_ferrant	Alicesweatdream	10	120
IOANIDIS1	LevyLoiseau	10	164
IOANIDIS1	Rakiko_Hime	10	168
IrishCo82996599	Barberis888	10	196
IrishCo82996599	republiqhein	10	160
ivoiremessages	badiramour	10	144
JacquesBoin	Alicesweatdream	10	120
JahardF	Alicesweatdream	10	120
JANVIERClaude1	Alicesweatdream	10	120
JanvierGeorgia	Alicesweatdream	10	120
JBaht	Alicesweatdream	10	120
jeannick_odier	Alicesweatdream	10	120
jeanpaulalain	Alicesweatdream	10	120
JJKer3	badiramour	10	118
JJKer3	LevyLoiseau	10	147
josEphhello34	Planetes360	10	148
jsp1963	badiramour	10	129
jsp1963	conspjustice	10	143
jsp1963	laizet2	10	228
KabeAzem	Alicesweatdream	10	120
Kamalstar1979	Alicesweatdream	10	120
KESTUDIDOUDOU	Alicesweatdream	10	120
Krieger66362259	Alicesweatdream	10	120
laizet2	Alicesweatdream	10	120
laizet2	Barberis888	10	170
laizet2	jsp1963	10	228
Langoisse4	Alicesweatdream	10	120
lavenircnous	Alicesweatdream	10	120
LevyLoiseau	IOANIDIS1	10	164
LevyLoiseau	JJKer3	10	147
LevyLoiseau	ZayUma	10	191
loindevant	steffvenere	10	126
lucydix_t	Alicesweatdream	10	120
majormedben	Alicesweatdream	10	120
marielenbenede	Alicesweatdream	10	120
MARTELCharles13	Alicesweatdream	10	120
MARTELCharles13	conspjustice	10	214
MERLINCLUBHOUSE	Alicesweatdream	10	120
MMair13	Alicesweatdream	10	120
NazratatReig06	Alicesweatdream	10	120
ouiza8	Alicesweatdream	10	120
Pacharlotte3	Alicesweatdream	10	120
pedromido67	badiramour	10	118
perlenacre2	Alicesweatdream	10	120
PierreAFontaine	Alicesweatdream	10	120
Planetes360	josEphhello34	10	148
Planetes360	tradefutur	10	150
Rakiko_Hime	Alicesweatdream	10	120
Rakiko_Hime	IOANIDIS1	10	168
Rakiko_Hime	tambour2003	10	165
RaldaEsmee	Alicesweatdream	10	120
RegisFaguelin	Alicesweatdream	10	120
republiqhein	IrishCo82996599	10	160
reseau_internat	Alicesweatdream	10	120
RhoddeNathalie	Alicesweatdream	10	120
RosaU07994539	Alicesweatdream	10	120
rotciv1003	Alicesweatdream	10	120
steffvenere	Alicesweatdream	10	110
steffvenere	badiramour	10	118
steffvenere	loindevant	10	126
sunuker_com	Alicesweatdream	10	120
tambour2003	Rakiko_Hime	10	165
Thaghost33	Alicesweatdream	10	120
theoditalia	Alicesweatdream	10	120
TiensTiens8	Alicesweatdream	10	120
tradefutur	Planetes360	10	150
trinacrie	Alicesweatdream	10	120
Uston76	Alicesweatdream	10	120
veroni	Alicesweatdream	10	120
VeroniqueBlan20	Alicesweatdream	10	120
vivavalval	Alicesweatdream	10	120
yannick_stopyra	Alicesweatdream	10	120
YvesPDB	Alicesweatdream	10	120
ZayUma	LevyLoiseau	10	191
andreaventura01	conspjustice	9	137
AubeDigitale	Barberis888	9	132
babibelle33	conspjustice	9	155
babibelle33	thalassa2008	9	175
badiramour	BaufMalou	9	107
badiramour	daventure1	9	143
badiramour	Expansion69	9	111
badiramour	fabiennelabarou	9	117
badiramour	fulberti_laving	9	143
badiramour	Hellam12	9	143
Barberis888	AubeDigitale	9	132
Barberis888	Danygo97	9	123
Barberis888	Kamalstar1979	9	149
Barberis888	NazratatReig06	9	112
Barberis888	Nova153	9	132
Barberis888	oceanguinee	9	123
Barberis888	steffvenere	9	122
BaufMalou	badiramour	9	107
belindageoly	laizet2	9	160
brunornc1	Planetes360	9	135
carcajou76865	laizet2	9	122
carcajou76865	LevyLoiseau	9	129
conspjustice	andreaventura01	9	137
conspjustice	babibelle33	9	155
conspjustice	DrunkpaMaster	9	134
conspjustice	Kamalstar1979	9	155
conspjustice	RhoddeNathalie	9	143
conspjustice	schopges	9	149
conspjustice	sunuker_com	9	130
Danygo97	Barberis888	9	123
daventure1	badiramour	9	143
DrunkpaMaster	conspjustice	9	134
Expansion69	badiramour	9	111
fabiennelabarou	badiramour	9	117
fulberti_laving	badiramour	9	143
Hellam12	badiramour	9	143
jsp1963	LevyLoiseau	9	156
Kamalstar1979	Barberis888	9	149
Kamalstar1979	conspjustice	9	155
Kamalstar1979	reseau_internat	9	176
Kernunnos	Rakiko_Hime	9	145
laizet2	belindageoly	9	160
laizet2	carcajou76865	9	122
LevyLoiseau	carcajou76865	9	129
LevyLoiseau	jsp1963	9	156
marielenbenede	RegisFaguelin	9	254
MARTELCharles13	RegisFaguelin	9	256
NazratatReig06	Barberis888	9	112
NazratatReig06	TDvir	9	99
NazratatReig06	tonnerre2021	9	99
Nova153	Barberis888	9	132
Nova153	Padraig41311678	9	165
oceanguinee	Barberis888	9	123
Padraig41311678	Nova153	9	165
Planetes360	brunornc1	9	135
Rakiko_Hime	Kernunnos	9	145
RegisFaguelin	marielenbenede	9	254
RegisFaguelin	MARTELCharles13	9	256
reseau_internat	Kamalstar1979	9	176
RhoddeNathalie	conspjustice	9	143
schopges	conspjustice	9	149
steffvenere	Barberis888	9	122
sunuker_com	conspjustice	9	130
tambour2003	Thaghost33	9	117
TDvir	NazratatReig06	9	99
TDvir	tonnerre2021	9	99
Thaghost33	tambour2003	9	117
thalassa2008	babibelle33	9	175
tonnerre2021	NazratatReig06	9	99
tonnerre2021	TDvir	9	99
ADuferret	Planetes360	8	116
andreaventura01	badiramour	8	90
anne_terrade	Barberis888	8	112
anounaky	chauvieremianne	8	111
Artanagot	Overgam10544834	8	159
AubeDigitale	Padraig41311678	8	148
AxiomeC	Barberis888	8	112
BABOUSKA31	badiramour	8	122
badiramour	andreaventura01	8	90
badiramour	BABOUSKA31	8	122
badiramour	BILLYHe95718937	8	96
badiramour	bonjoviss1	8	122
badiramour	ClaudeJullian	8	122
badiramour	cloclo2539	8	122
badiramour	DanielleThurel	8	122
badiramour	DemeulenaereO	8	90
badiramour	DeMolay82619496	8	106
badiramour	DESCLOUX3	8	122
badiramour	ElisabethFaure1	8	122
badiramour	ELLETW6	8	106
badiramour	EROL_MVP	8	122
badiramour	FilRouge06	8	90
badiramour	Fn92Chatillon	8	90
badiramour	Fpapadopoulos14	8	106
badiramour	GaryKronos	8	90
badiramour	GaumondJean	8	122
badiramour	gouslisty	8	122
badiramour	ISA86526407	8	122
badiramour	jacquel11956817	8	106
badiramour	JocelyneLC2	8	106
badiramour	kha_zeli	8	122
badiramour	Laetiti96067083	8	106
badiramour	LfiOupps	8	122
badiramour	LostecMarceline	8	122
badiramour	LouisRissons	8	90
badiramour	LuckyLu32431232	8	90
badiramour	minimoog18	8	122
badiramour	NickyB2309	8	106
badiramour	nymeria60	8	90
badiramour	oiseaubleudefeu	8	122
badiramour	Patrick58916424	8	106
badiramour	PenseJean	8	106
badiramour	Price35025409	8	122
badiramour	q_rosema	8	106
badiramour	Rakiko_Hime	8	90
badiramour	RevolVibratoire	8	90
badiramour	SauraDominique	8	122
badiramour	serge_ndestroy	8	112
badiramour	t1blanc	8	90
badiramour	TatianaKidsy	8	106
badiramour	tipoy971	8	122
badiramour	Tortuegeniale64	8	122
badiramour	veritebeaute	8	106
Barberis888	anne_terrade	8	112
Barberis888	AxiomeC	8	112
Barberis888	BilalAlGharib1	8	112
Barberis888	carcajou76865	8	109
Barberis888	jabouvier	8	112
Barberis888	Krieger66362259	8	149
Barberis888	LaurenceDeshay8	8	112
Barberis888	mayasdolly	8	96
Barberis888	paxipax_heleane	8	112
Barberis888	RVillemomble	8	112
BilalAlGharib1	Barberis888	8	112
BILLYHe95718937	badiramour	8	96
bonjoviss1	badiramour	8	122
carcajou76865	Barberis888	8	109
chauvieremianne	anounaky	8	111
ClaudeJullian	badiramour	8	122
cloclo2539	badiramour	8	122
CogiitoCom	philippejandrok	8	155
conspjustice	Disciple2Dieu	8	121
conspjustice	herve_ferrant	8	122
conspjustice	JahardF	8	118
conspjustice	louisjulia220	8	88
conspjustice	MouslimAli	8	138
conspjustice	Pacharlotte3	8	124
conspjustice	Planetes360	8	116
conspjustice	RegisFaguelin	8	154
conspjustice	reseau_internat	8	140
conspjustice	thalassa2008	8	158
DAmatoArmelle	ExoPortail	8	140
DAmatoArmelle	josEphhello34	8	149
DAmatoArmelle	RetourMarina	8	118
DanielleThurel	badiramour	8	122
DemeulenaereO	badiramour	8	90
DeMolay82619496	badiramour	8	106
DESCLOUX3	badiramour	8	122
Disciple2Dieu	conspjustice	8	121
ElisabethFaure1	badiramour	8	122
ELLETW6	badiramour	8	106
EricFouque	smoossth	8	96
EricFouque	Synsei1	8	192
EROL_MVP	badiramour	8	122
ExoPortail	DAmatoArmelle	8	140
FilRouge06	badiramour	8	90
Fn92Chatillon	badiramour	8	90
Fpapadopoulos14	badiramour	8	106
FranceRsistanc1	Jdd_MOUTSINGA	8	150
FranceRsistanc1	laizet2	8	124
g_beauregard51	Overgam10544834	8	159
garogogos	PerezArturo3	8	188
GaryKronos	badiramour	8	90
GaumondJean	badiramour	8	122
gouslisty	badiramour	8	122
HarviRevest	Overgam10544834	8	143
Hellam12	MonzMouyasmous	8	88
herve_ferrant	conspjustice	8	122
herve_ferrant	Planetes360	8	116
HerveHva13	Overgam10544834	8	159
icvfinance	Planetes360	8	116
ISA86526407	badiramour	8	122
Jab52201002	smoossth	8	96
Jab52201002	Synsei1	8	202
jabouvier	Barberis888	8	112
jacquel11956817	badiramour	8	106
JahardF	conspjustice	8	118
janyabadi	Planetes360	8	116
Jdd_MOUTSINGA	FranceRsistanc1	8	150
Jdd_MOUTSINGA	LevyLoiseau	8	140
jmlibessart62	PierreAFontaine	8	128
jmlibessart62	tambour2003	8	178
JocelyneLC2	badiramour	8	106
josEphhello34	DAmatoArmelle	8	149
jsp1963	Overgam10544834	8	159
jsp1963	xelibris	8	176
Kamalstar1979	LevyLoiseau	8	156
kha_zeli	badiramour	8	122
Krieger66362259	Barberis888	8	149
Krieger66362259	laizet2	8	133
Laetiti96067083	badiramour	8	106
laizet2	FranceRsistanc1	8	124
laizet2	Krieger66362259	8	133
laizet2	LuckyLu32431232	8	133
LandelleDavid	smoossth	8	96
LandelleDavid	Synsei1	8	200
languillem	Planetes360	8	120
LaurenceDeshay8	Barberis888	8	112
LevyLoiseau	Jdd_MOUTSINGA	8	140
LevyLoiseau	Kamalstar1979	8	156
LevyLoiseau	MarieJoseVidal1	8	168
LevyLoiseau	steffvenere	8	161
LfiOupps	badiramour	8	122
libertemaloya	Overgam10544834	8	159
Limportant_fr	mustread_fr	8	157
loindevant	MouslimAli	8	95
LostecMarceline	badiramour	8	122
louisjulia220	conspjustice	8	88
LouisRissons	badiramour	8	90
loupcruel	Planetes360	8	124
LuckyLu32431232	badiramour	8	90
LuckyLu32431232	laizet2	8	133
maitreyarael	Planetes360	8	116
MarieJoseVidal1	LevyLoiseau	8	168
mayasdolly	Barberis888	8	96
MCFanjas	smoossth	8	96
MCFanjas	Synsei1	8	211
millavart	Planetes360	8	116
minimoog18	badiramour	8	122
MonzMouyasmous	Hellam12	8	88
MouslimAli	conspjustice	8	138
MouslimAli	loindevant	8	95
mustread_fr	Limportant_fr	8	157
NickyB2309	badiramour	8	106
nononui	Overgam10544834	8	159
nymeria60	badiramour	8	90
oiseaubleudefeu	badiramour	8	122
Othman28800	Planetes360	8	116
Overgam10544834	Artanagot	8	159
Overgam10544834	g_beauregard51	8	159
Overgam10544834	HarviRevest	8	143
Overgam10544834	HerveHva13	8	159
Overgam10544834	jsp1963	8	159
Overgam10544834	libertemaloya	8	159
Overgam10544834	nononui	8	159
Overgam10544834	stopmensonges	8	127
Pacharlotte3	conspjustice	8	124
Padraig41311678	AubeDigitale	8	148
Patrick58916424	badiramour	8	106
paxipax_heleane	Barberis888	8	112
PenseJean	badiramour	8	106
PerezArturo3	garogogos	8	188
philippejandrok	CogiitoCom	8	155
PierreAFontaine	jmlibessart62	8	128
Planetes360	ADuferret	8	116
Planetes360	conspjustice	8	116
Planetes360	herve_ferrant	8	116
Planetes360	icvfinance	8	116
Planetes360	janyabadi	8	116
Planetes360	languillem	8	120
Planetes360	loupcruel	8	124
Planetes360	maitreyarael	8	116
Planetes360	millavart	8	116
Planetes360	Othman28800	8	116
Price35025409	badiramour	8	122
q_rosema	badiramour	8	106
Rakiko_Hime	badiramour	8	90
Reacdirect	schopges	8	131
RegisFaguelin	conspjustice	8	154
reseau_internat	conspjustice	8	140
RetourMarina	DAmatoArmelle	8	118
RevolVibratoire	badiramour	8	90
RVillemomble	Barberis888	8	112
SauraDominique	badiramour	8	122
schopges	Reacdirect	8	131
serge_ndestroy	badiramour	8	112
smoossth	EricFouque	8	96
smoossth	Jab52201002	8	96
smoossth	LandelleDavid	8	96
smoossth	MCFanjas	8	96
steffvenere	LevyLoiseau	8	161
stopmensonges	Overgam10544834	8	127
Synsei1	EricFouque	8	192
Synsei1	Jab52201002	8	202
Synsei1	LandelleDavid	8	200
Synsei1	MCFanjas	8	211
t1blanc	badiramour	8	90
tambour2003	jmlibessart62	8	178
TatianaKidsy	badiramour	8	106
thalassa2008	conspjustice	8	158
tipoy971	badiramour	8	122
Tortuegeniale64	badiramour	8	122
veritebeaute	badiramour	8	106
xelibris	jsp1963	8	176
57flibustier57	vorgeat	7	77
AbourayanBE	leJDD	7	98
ADuferret	leJDD	7	84
andreaventura01	jsp1963	7	165
AnguilleSR	LevyLoiseau	7	103
Annassiri2	leJDD	7	91
AnneGenestier	badiramour	7	115
anounaky	BRivarel	7	100
ArianeWalter	conspjustice	7	108
babibelle33	cherielle100	7	102
babibelle33	jsp1963	7	101
babibelle33	Kamalstar1979	7	122
babibelle33	nixiane	7	120
badiramour	AnneGenestier	7	115
badiramour	CharlieColas6	7	115
badiramour	corsair31900	7	102
badiramour	JosVasDen	7	99
badiramour	NattQui	7	137
badiramour	Peronelle1	7	102
Barberis888	belindageoly	7	119
Barberis888	DespaigneElyane	7	107
Barberis888	IOANIDIS1	7	112
belindageoly	Barberis888	7	119
BRivarel	anounaky	7	100
brunornc1	josEphhello34	7	102
carcajou76865	conspjustice	7	98
CharlieColas6	badiramour	7	115
Cheikh_Redac	leJDD	7	77
cherielle100	babibelle33	7	102
cherielle100	jsp1963	7	138
cherielle100	thalassa2008	7	81
chrisfrayt	conspjustice	7	116
conspjustice	ArianeWalter	7	108
conspjustice	carcajou76865	7	98
conspjustice	chrisfrayt	7	116
conspjustice	DanielleThurel	7	119
conspjustice	DespaigneElyane	7	105
conspjustice	didiergildas	7	119
conspjustice	ecureuil1065	7	119
conspjustice	ElisabethFaure1	7	98
conspjustice	eustache_luigy	7	108
conspjustice	HerveHva13	7	86
conspjustice	languillem	7	122
conspjustice	lavenircnous	7	106
conspjustice	loindevant	7	94
conspjustice	nononui	7	96
conspjustice	steffvenere	7	90
conspjustice	trinacrie	7	105
conspjustice	YvesPDB	7	98
cor_yas	leJDD	7	98
corsair31900	badiramour	7	102
Crumpemag	FR24NewsFrance	7	84
Cuisinefranais1	leJDD	7	84
DAmatoArmelle	mcdsp1968	7	126
DanielleThurel	conspjustice	7	119
daventure1	LevyLoiseau	7	145
daventure1	loindevant	7	111
DespaigneElyane	Barberis888	7	107
DespaigneElyane	conspjustice	7	105
didiergildas	conspjustice	7	119
dom2419	leJDD	7	91
DOMINIQUEJAMAIS	Planetes360	7	99
ecureuil1065	conspjustice	7	119
edira2	Thaghost33	7	93
ekm_thgil	leJDD	7	98
ElisabethFaure1	conspjustice	7	98
eustache_luigy	conspjustice	7	108
FaridSiMoussa1	leJDD	7	77
FR24NewsFrance	Crumpemag	7	84
FranceRsistanc1	jsp1963	7	124
FranceRsistanc1	leJDD	7	84
FranceRsistanc1	Reacdirect	7	153
FX_Obrador	leJDD	7	77
g_beauregard51	jsp1963	7	183
HaimBens	leJDD	7	77
HerveHva13	conspjustice	7	86
IOANIDIS1	Barberis888	7	112
ivanberaud	leJDD	7	98
JacquyLenoir	leJDD	7	98
JeanMarc312	leJDD	7	98
jig_saws	leJDD	7	77
jmclavel	leJDD	7	98
jmlibessart62	Kernunnos	7	183
josEphhello34	brunornc1	7	102
JosVasDen	badiramour	7	99
jsp1963	andreaventura01	7	165
jsp1963	babibelle33	7	101
jsp1963	cherielle100	7	138
jsp1963	FranceRsistanc1	7	124
jsp1963	g_beauregard51	7	183
jsp1963	loindevant	7	153
jsp1963	Rakiko_Hime	7	126
jsp1963	resonanzen	7	116
jsp1963	thalassa2008	7	90
Kamalstar1979	babibelle33	7	122
Kamalstar1979	thalassa2008	7	141
Kernunnos	jmlibessart62	7	183
Kernunnos	tambour2003	7	119
Kernunnos	thalassa2008	7	146
laferriere_eric	leJDD	7	98
laizet2	leblogALupus	7	188
laizet2	PauldeMaisonneu	7	126
laizet2	popoche69008	7	128
laizet2	reseau_internat	7	127
languillem	conspjustice	7	122
languillem	Rakiko_Hime	7	126
lautard65	leJDD	7	98
lavenircnous	conspjustice	7	106
le_roanne	Rakiko_Hime	7	143
leblogALupus	laizet2	7	188
leJDD	AbourayanBE	7	98
leJDD	ADuferret	7	84
leJDD	Annassiri2	7	91
leJDD	Cheikh_Redac	7	77
leJDD	cor_yas	7	98
leJDD	Cuisinefranais1	7	84
leJDD	dom2419	7	91
leJDD	ekm_thgil	7	98
leJDD	FaridSiMoussa1	7	77
leJDD	FranceRsistanc1	7	84
leJDD	FX_Obrador	7	77
leJDD	HaimBens	7	77
leJDD	ivanberaud	7	98
leJDD	JacquyLenoir	7	98
leJDD	JeanMarc312	7	98
leJDD	jig_saws	7	77
leJDD	jmclavel	7	98
leJDD	laferriere_eric	7	98
leJDD	lautard65	7	98
leJDD	LiNkTaReum	7	77
leJDD	lolaweb71	7	77
leJDD	MarieRose42	7	98
leJDD	Mauvaisefoi5	7	84
leJDD	merwan69947610	7	98
leJDD	methodeplus1	7	77
leJDD	MJMedia_Mktg	7	77
leJDD	NEONEO36174646	7	77
leJDD	RosedeSaron7	7	98
leJDD	valahianss	7	98
leJDD	Vergnaud	7	77
leJDD	veve_gr	7	112
LevyLoiseau	AnguilleSR	7	103
LevyLoiseau	daventure1	7	145
LevyLoiseau	pedromido67	7	120
LevyLoiseau	thalassa2008	7	159
LevyLoiseau	threadreaderapp	7	108
LiNkTaReum	leJDD	7	77
loindevant	conspjustice	7	94
loindevant	daventure1	7	111
loindevant	jsp1963	7	153
loindevant	Rakiko_Hime	7	122
lolaweb71	leJDD	7	77
MarieRose42	leJDD	7	98
MARTELCharles13	Rakiko_Hime	7	180
Mauvaisefoi5	leJDD	7	84
mcdsp1968	DAmatoArmelle	7	126
merwan69947610	leJDD	7	98
methodeplus1	leJDD	7	77
MJMedia_Mktg	leJDD	7	77
MK66000	Overgam10544834	7	77
NattQui	badiramour	7	137
NEONEO36174646	leJDD	7	77
nixiane	babibelle33	7	120
nononui	conspjustice	7	96
Overgam10544834	MK66000	7	77
Patrice_0311	Rakiko_Hime	7	108
Patrice_0311	tambour2003	7	106
PauldeMaisonneu	laizet2	7	126
pedromido67	LevyLoiseau	7	120
Peronelle1	badiramour	7	102
Planetes360	DOMINIQUEJAMAIS	7	99
popoche69008	laizet2	7	128
pouvoirmondial	vorgeat	7	77
Rakiko_Hime	jsp1963	7	126
Rakiko_Hime	languillem	7	126
Rakiko_Hime	le_roanne	7	143
Rakiko_Hime	loindevant	7	122
Rakiko_Hime	MARTELCharles13	7	180
Rakiko_Hime	Patrice_0311	7	108
Rakiko_Hime	Reacdirect	7	166
Rakiko_Hime	schopges	7	173
Reacdirect	FranceRsistanc1	7	153
Reacdirect	Rakiko_Hime	7	166
Reacdirect	thalassa2008	7	128
reseau_internat	laizet2	7	127
resonanzen	jsp1963	7	116
RosedeSaron7	leJDD	7	98
schopges	Rakiko_Hime	7	173
Spirite21	vorgeat	7	77
steffvenere	conspjustice	7	90
tambour2003	Kernunnos	7	119
tambour2003	Patrice_0311	7	106
Thaghost33	edira2	7	93
thalassa2008	cherielle100	7	81
thalassa2008	jsp1963	7	90
thalassa2008	Kamalstar1979	7	141
thalassa2008	Kernunnos	7	146
thalassa2008	LevyLoiseau	7	159
thalassa2008	Reacdirect	7	128
threadreaderapp	LevyLoiseau	7	108
trinacrie	conspjustice	7	105
valahianss	leJDD	7	98
Vergnaud	leJDD	7	77
veve_gr	leJDD	7	112
vorgeat	57flibustier57	7	77
vorgeat	pouvoirmondial	7	77
vorgeat	Spirite21	7	77
YvesPDB	conspjustice	7	98
0Vasil	bou_philippe	6	66
AbbeToniere	conspjustice	6	94
ACcilia4	conspjustice	6	94
AdrRv	conspjustice	6	84
ADuferret	Krieger66362259	6	105
AimarreJan	GeneviveCaron18	6	93
AkDruCap	babibelle33	6	102
AkDruCap	thalassa2008	6	114
akina_schira	Quisuisje13	6	72
Aladerecha5	guyboulianne	6	120
alexxi74	conspjustice	6	71
alexxi74	jsp1963	6	138
alixmarielle	conspjustice	6	78
AMaddy2	conspjustice	6	94
Ancient_Caxotte	jsp1963	6	148
Ancient_Caxotte	leblogALupus	6	159
AnneIbiza13	Barberis888	6	92
AnnePFLEGER	conspjustice	6	94
anounaky	Franois592	6	86
AubeDigitale	oceanguinee	6	102
aux_frontieres	Barberis888	6	92
aysegul_koker	conspjustice	6	94
babibelle33	AkDruCap	6	102
babibelle33	Barberis888	6	107
babibelle33	belindageoly	6	86
babibelle33	Gowron_Khar	6	82
babibelle33	JesseCRAIGNOU	6	104
babibelle33	JoelGelanor	6	99
babibelle33	leblogALupus	6	86
babibelle33	MouslimAli	6	122
babibelle33	Planete72	6	122
babibelle33	Reacdirect	6	104
babibelle33	TwittL12	6	118
Barberis888	AnneIbiza13	6	92
Barberis888	aux_frontieres	6	92
Barberis888	babibelle33	6	107
Barberis888	ecureuil1065	6	95
Barberis888	fulberti_laving	6	79
Barberis888	GrobisR	6	86
Barberis888	jeannick_odier	6	126
Barberis888	jsp1963	6	107
Barberis888	kittylt	6	108
Barberis888	orphee45	6	88
Barberis888	ouiza8	6	82
Barberis888	PERLOU55	6	84
Barberis888	sunuker_com	6	88
Barberis888	TDvir	6	66
Barberis888	tonnerre2021	6	66
Bassinrebel	conspjustice	6	94
belindageoly	babibelle33	6	86
belindageoly	MouslimAli	6	77
belindageoly	nixiane	6	80
belindageoly	popoche69008	6	108
belindageoly	reseau_internat	6	95
belindageoly	thalassa2008	6	66
bou_philippe	0Vasil	6	66
bou_philippe	eksansk	6	66
bou_philippe	schopges	6	66
Bruno_Level	conspjustice	6	94
brunornc1	CarlAntoine	6	90
BusinessBourse	Planetes360	6	92
carcajou76865	sunuker_com	6	91
CarlAntoine	brunornc1	6	90
Carojacob2	conspjustice	6	84
carou68	conspjustice	6	94
CartierusM	jacob_chariaty	6	78
chauvieremianne	LevyLoiseau	6	113
cherielle100	jmlibessart62	6	168
cherielle100	loindevant	6	94
cherielle100	nixiane	6	80
cherifo62	conspjustice	6	94
ClaudeN02816114	jmlibessart62	6	168
ClocloQuebec4	guyboulianne	6	120
CogiitoCom	marielenbenede	6	158
CogiitoCom	MARTELCharles13	6	165
conspjustice	AbbeToniere	6	94
conspjustice	ACcilia4	6	94
conspjustice	AdrRv	6	84
conspjustice	alexxi74	6	71
conspjustice	alixmarielle	6	78
conspjustice	AMaddy2	6	94
conspjustice	AnnePFLEGER	6	94
conspjustice	aysegul_koker	6	94
conspjustice	Bassinrebel	6	94
conspjustice	Bruno_Level	6	94
conspjustice	Carojacob2	6	84
conspjustice	carou68	6	94
conspjustice	cherifo62	6	94
conspjustice	DeMolay82619496	6	94
conspjustice	denmoi1	6	94
conspjustice	DIACONESCOTV	6	94
conspjustice	DialloLexdex12	6	94
conspjustice	djipipi	6	94
conspjustice	DrIsalinares	6	94
conspjustice	EcologieRive	6	94
conspjustice	ELLETW6	6	84
conspjustice	fbl180	6	94
conspjustice	floscorpion	6	94
conspjustice	Foggy996	6	78
conspjustice	FREYERMUTHHube1	6	94
conspjustice	haltebourg1	6	84
conspjustice	JacquesBoin	6	94
conspjustice	JANVIERClaude1	6	94
conspjustice	JanvierGeorgia	6	94
conspjustice	JBaht	6	84
conspjustice	jeannick_odier	6	94
conspjustice	jeanpaulalain	6	94
conspjustice	JesseCRAIGNOU	6	90
conspjustice	KabeAzem	6	94
conspjustice	KESTUDIDOUDOU	6	94
conspjustice	Langoisse4	6	94
conspjustice	lucydix_t	6	84
conspjustice	majormedben	6	94
conspjustice	marin1_raduga4	6	74
conspjustice	MERLINCLUBHOUSE	6	94
conspjustice	MMair13	6	94
conspjustice	NazratatReig06	6	94
conspjustice	ouiza8	6	94
conspjustice	patricia691503	6	72
conspjustice	perlenacre2	6	94
conspjustice	PierreAFontaine	6	84
conspjustice	RaldaEsmee	6	72
conspjustice	Reacdirect	6	120
conspjustice	rebrunornc64	6	81
conspjustice	RosaU07994539	6	94
conspjustice	rotciv1003	6	94
conspjustice	tambour2003	6	90
conspjustice	theoditalia	6	84
conspjustice	TiensTiens8	6	94
conspjustice	Uston76	6	94
conspjustice	veroni	6	94
conspjustice	VeroniqueBlan20	6	94
conspjustice	vivavalval	6	94
DAmatoArmelle	jsp1963	6	109
DAmatoArmelle	langlois49	6	109
DAmatoArmelle	Thaghost33	6	94
Danygo97	laizet2	6	109
daventure1	paul_reysset	6	108
daventure1	steffvenere	6	71
DeMolay82619496	conspjustice	6	94
denmoi1	conspjustice	6	94
DIACONESCOTV	conspjustice	6	94
DialloLexdex12	conspjustice	6	94
djipipi	conspjustice	6	94
DocteurGonzo4	YvesGrand2	6	192
DrGhadaYafi	Rakiko_Hime	6	90
DrGhadaYafi	tambour2003	6	90
DrGhadaYafi	Thaghost33	6	78
DrIsalinares	conspjustice	6	94
EbenYaakov	guyboulianne	6	120
EbenYaakov	YvesGrand2	6	186
EcologieRive	conspjustice	6	94
ecureuil1065	Barberis888	6	95
edira2	Rakiko_Hime	6	78
edira2	tambour2003	6	78
eksansk	bou_philippe	6	66
ELLETW6	conspjustice	6	84
EmkaMichel	languillem	6	77
EmkaMichel	laurent_daniel	6	77
Enjolras_Hugo	YvesGrand2	6	132
escrodetat	le_roanne	6	132
ExoPortail	jmlibessart62	6	118
ExoPortail	Thaghost33	6	85
fbl180	conspjustice	6	94
feecloc90367787	Rakiko_Hime	6	74
floscorpion	conspjustice	6	94
Foggy996	conspjustice	6	78
FranceL69839843	Rakiko_Hime	6	90
FranceL69839843	tambour2003	6	90
FranceL69839843	Thaghost33	6	78
FranceRsistanc1	IOANIDIS1	6	104
FranceRsistanc1	Kernunnos	6	135
Franois592	anounaky	6	86
FREYERMUTHHube1	conspjustice	6	94
fulberti_laving	Barberis888	6	79
fulberti_laving	Rakiko_Hime	6	89
GaumondJean	LevyLoiseau	6	110
GeneviveCaron18	AimarreJan	6	93
Gowron_Khar	babibelle33	6	82
Gowron_Khar	thalassa2008	6	90
GrobisR	Barberis888	6	86
guyboulianne	Aladerecha5	6	120
guyboulianne	ClocloQuebec4	6	120
guyboulianne	EbenYaakov	6	120
guyboulianne	NazratatReig06	6	116
haltebourg1	conspjustice	6	84
Hellam12	LevyLoiseau	6	113
IOANIDIS1	FranceRsistanc1	6	104
IOANIDIS1	jmlibessart62	6	168
IOANIDIS1	marielenbenede	6	140
IOANIDIS1	MARTELCharles13	6	152
jacob_chariaty	CartierusM	6	78
JacquesBoin	conspjustice	6	94
JANVIERClaude1	conspjustice	6	94
JanvierGeorgia	conspjustice	6	94
JBaht	conspjustice	6	84
jeannick_odier	Barberis888	6	126
jeannick_odier	conspjustice	6	94
jeanpaulalain	conspjustice	6	94
JesseCRAIGNOU	babibelle33	6	104
JesseCRAIGNOU	conspjustice	6	90
JesseCRAIGNOU	thalassa2008	6	120
JJKer3	schopges	6	86
jmlibessart62	cherielle100	6	168
jmlibessart62	ClaudeN02816114	6	168
jmlibessart62	ExoPortail	6	118
jmlibessart62	IOANIDIS1	6	168
jmlibessart62	jsp1963	6	168
jmlibessart62	tradefutur	6	156
JoelGelanor	babibelle33	6	99
JoelGelanor	thalassa2008	6	102
js158855	YvesGrand2	6	162
jsp1963	alexxi74	6	138
jsp1963	Ancient_Caxotte	6	148
jsp1963	Barberis888	6	107
jsp1963	DAmatoArmelle	6	109
jsp1963	jmlibessart62	6	168
jsp1963	Kernunnos	6	104
jsp1963	languillem	6	93
jsp1963	nixiane	6	83
jsp1963	pedromido67	6	124
jsp1963	tambour2003	6	116
jsp1963	Thaghost33	6	83
JustineMerieau	LeNidAigle3	6	90
KabeAzem	conspjustice	6	94
Kamalstar1979	Krieger66362259	6	101
Kernunnos	FranceRsistanc1	6	135
Kernunnos	jsp1963	6	104
Kernunnos	LevyLoiseau	6	114
Kernunnos	Thaghost33	6	78
Kernunnos	tradefutur	6	107
KESTUDIDOUDOU	conspjustice	6	94
kittylt	Barberis888	6	108
kittylt	laizet2	6	104
Krieger66362259	ADuferret	6	105
Krieger66362259	Kamalstar1979	6	101
Krieger66362259	reseau_internat	6	116
laizet2	Danygo97	6	109
laizet2	kittylt	6	104
laizet2	MaguyGirerd	6	125
laizet2	MouslimAli	6	77
laizet2	Rakiko_Hime	6	94
laizet2	sunuker_com	6	87
laizet2	virof1	6	118
langlois49	DAmatoArmelle	6	109
Langoisse4	conspjustice	6	94
languillem	EmkaMichel	6	77
languillem	jsp1963	6	93
languillem	loindevant	6	93
laurent_daniel	EmkaMichel	6	77
le_roanne	escrodetat	6	132
le_roanne	PerrinC12	6	132
leblogALupus	Ancient_Caxotte	6	159
leblogALupus	babibelle33	6	86
leblogALupus	nixiane	6	80
leblogALupus	thalassa2008	6	66
leblogALupus	xelibris	6	154
lemkh	LevyLoiseau	6	87
lemkh	Rakiko_Hime	6	98
LeNidAigle3	JustineMerieau	6	90
LevyLoiseau	chauvieremianne	6	113
LevyLoiseau	GaumondJean	6	110
LevyLoiseau	Hellam12	6	113
LevyLoiseau	Kernunnos	6	114
LevyLoiseau	lemkh	6	87
LevyLoiseau	millavart	6	112
LevyLoiseau	Moutonenrages	6	103
LevyLoiseau	newsnetfr	6	110
LevyLoiseau	Othman28800	6	78
LevyLoiseau	Prospectioninfo	6	115
LevyLoiseau	resonanzen	6	113
LevyLoiseau	schopges	6	94
LevyLoiseau	tambour2003	6	94
LevyLoiseau	wantedinfo1974	6	111
Limportant_fr	onlinesouth20	6	72
loindevant	cherielle100	6	94
loindevant	languillem	6	93
lucydix_t	conspjustice	6	84
MaguyGirerd	laizet2	6	125
majormedben	conspjustice	6	94
marielenbenede	CogiitoCom	6	158
marielenbenede	IOANIDIS1	6	140
marielenbenede	philippejandrok	6	158
marin1_raduga4	conspjustice	6	74
MARTELCharles13	CogiitoCom	6	165
MARTELCharles13	IOANIDIS1	6	152
MARTELCharles13	philippejandrok	6	165
mayasdolly	Rakiko_Hime	6	96
mediatique	webzapping	6	182
MERLINCLUBHOUSE	conspjustice	6	94
millavart	LevyLoiseau	6	112
MMair13	conspjustice	6	94
MouradSarroub	RetourMarina	6	84
MouslimAli	babibelle33	6	122
MouslimAli	belindageoly	6	77
MouslimAli	laizet2	6	77
MouslimAli	thalassa2008	6	142
Moutonenrages	LevyLoiseau	6	103
Moutonenrages	resonanzen	6	101
NaphtalineLeBon	YvesGrand2	6	126
NazratatReig06	conspjustice	6	94
NazratatReig06	guyboulianne	6	116
newsnetfr	LevyLoiseau	6	110
Nicotenn37	sb_anonyme	6	128
ninix35540	steffvenere	6	66
nixiane	belindageoly	6	80
nixiane	cherielle100	6	80
nixiane	jsp1963	6	83
nixiane	leblogALupus	6	80
nixiane	thalassa2008	6	120
Nova153	oceanguinee	6	102
oceanguinee	AubeDigitale	6	102
oceanguinee	Nova153	6	102
onlinesouth20	Limportant_fr	6	72
orphee45	Barberis888	6	88
Othman28800	LevyLoiseau	6	78
ouiza8	Barberis888	6	82
ouiza8	conspjustice	6	94
Patrice_0311	Thaghost33	6	96
patricia691503	conspjustice	6	72
paul_reysset	daventure1	6	108
PauldeMaisonneu	PERLOU55	6	112
pedromido67	jsp1963	6	124
perlenacre2	conspjustice	6	94
PERLOU55	Barberis888	6	84
PERLOU55	PauldeMaisonneu	6	112
PerrinC12	le_roanne	6	132
philippejandrok	marielenbenede	6	158
philippejandrok	MARTELCharles13	6	165
PierreAFontaine	conspjustice	6	84
Planete72	babibelle33	6	122
Planete72	thalassa2008	6	142
Planetes360	BusinessBourse	6	92
Planetes360	robertleblondo	6	110
Planetes360	ycelesti	6	82
popoche69008	belindageoly	6	108
Prospectioninfo	LevyLoiseau	6	115
Quisuisje13	akina_schira	6	72
Rakiko_Hime	DrGhadaYafi	6	90
Rakiko_Hime	edira2	6	78
Rakiko_Hime	feecloc90367787	6	74
Rakiko_Hime	FranceL69839843	6	90
Rakiko_Hime	fulberti_laving	6	89
Rakiko_Hime	laizet2	6	94
Rakiko_Hime	lemkh	6	98
Rakiko_Hime	mayasdolly	6	96
Rakiko_Hime	RhoddeNathalie	6	81
RaldaEsmee	conspjustice	6	72
RDelinfo	YvesGrand2	6	90
Reacdirect	babibelle33	6	104
Reacdirect	conspjustice	6	120
rebrunornc64	conspjustice	6	81
reseau_internat	belindageoly	6	95
reseau_internat	Krieger66362259	6	116
resonanzen	LevyLoiseau	6	113
resonanzen	Moutonenrages	6	101
RetourMarina	MouradSarroub	6	84
RhoddeNathalie	Rakiko_Hime	6	81
robertleblondo	Planetes360	6	110
RosaU07994539	conspjustice	6	94
rotciv1003	conspjustice	6	94
sb_anonyme	Nicotenn37	6	128
schopges	bou_philippe	6	66
schopges	JJKer3	6	86
schopges	LevyLoiseau	6	94
steffvenere	daventure1	6	71
steffvenere	ninix35540	6	66
sunuker_com	Barberis888	6	88
sunuker_com	carcajou76865	6	91
sunuker_com	laizet2	6	87
tambour2003	conspjustice	6	90
tambour2003	DrGhadaYafi	6	90
tambour2003	edira2	6	78
tambour2003	FranceL69839843	6	90
tambour2003	jsp1963	6	116
tambour2003	LevyLoiseau	6	94
TDvir	Barberis888	6	66
Thaghost33	DAmatoArmelle	6	94
Thaghost33	DrGhadaYafi	6	78
Thaghost33	ExoPortail	6	85
Thaghost33	FranceL69839843	6	78
Thaghost33	jsp1963	6	83
Thaghost33	Kernunnos	6	78
Thaghost33	Patrice_0311	6	96
thalassa2008	AkDruCap	6	114
thalassa2008	belindageoly	6	66
thalassa2008	Gowron_Khar	6	90
thalassa2008	JesseCRAIGNOU	6	120
thalassa2008	JoelGelanor	6	102
thalassa2008	leblogALupus	6	66
thalassa2008	MouslimAli	6	142
thalassa2008	nixiane	6	120
thalassa2008	Planete72	6	142
thalassa2008	TwittL12	6	140
theoditalia	conspjustice	6	84
TiensTiens8	conspjustice	6	94
tonnerre2021	Barberis888	6	66
tradefutur	jmlibessart62	6	156
tradefutur	Kernunnos	6	107
TwittL12	babibelle33	6	118
TwittL12	thalassa2008	6	140
Uston76	conspjustice	6	94
veroni	conspjustice	6	94
VeroniqueBlan20	conspjustice	6	94
virof1	laizet2	6	118
vivavalval	conspjustice	6	94
wantedinfo1974	LevyLoiseau	6	111
webzapping	mediatique	6	182
xelibris	leblogALupus	6	154
ycelesti	Planetes360	6	82
YvesGrand2	DocteurGonzo4	6	192
YvesGrand2	EbenYaakov	6	186
YvesGrand2	Enjolras_Hugo	6	132
YvesGrand2	js158855	6	162
YvesGrand2	NaphtalineLeBon	6	126
YvesGrand2	RDelinfo	6	90
0Vasil	Thaghost33	5	71
2022_pour	elokar59d	5	55
abchilamri	LevyLoiseau	5	102
ADuferret	LevyLoiseau	5	76
ADuferret	millavart	5	85
ADuferret	ycelesti	5	67
AfpFactuel	afpfr	5	157
afpfr	AfpFactuel	5	157
Alvisyma	GeneviveCaron18	5	141
amarycarmen1	marielenbenede	5	142
amarycarmen1	MARTELCharles13	5	142
Annassiri2	LevyLoiseau	5	94
babibelle33	BaufMalou	5	84
babibelle33	Danygo97	5	73
babibelle33	fulberti_laving	5	75
babibelle33	laizet2	5	71
babibelle33	loindevant	5	71
Barberis888	BEARNAIS69	5	66
Barberis888	chrisfrayt	5	106
Barberis888	FranceRsistanc1	5	78
Barberis888	JahardF	5	102
Barberis888	JANVIERClaude1	5	70
Barberis888	ZayUma	5	95
Bartolijacques	MouslimAli	5	60
BaufMalou	babibelle33	5	84
BEARNAIS69	Barberis888	5	66
belindageoly	carcajou76865	5	67
belindageoly	jsp1963	5	108
belindageoly	Kamalstar1979	5	65
belindageoly	LevyLoiseau	5	90
bernardrobert_	jmlibessart62	5	153
BRivarel	laizet2	5	94
carcajou76865	belindageoly	5	67
carcajou76865	Danygo97	5	72
carcajou76865	languillem	5	66
carcajou76865	LuckyLu32431232	5	97
carcajou76865	pedromido67	5	73
carcajou76865	reseau_internat	5	69
carolyonne89	LevyLoiseau	5	94
ChantalDesbros4	Rakiko_Hime	5	125
CharhiJalel	lavenircnous	5	75
Charlin16220356	RetourMarina	5	76
cherielle100	Kernunnos	5	85
chrisfrayt	Barberis888	5	106
chrisfrayt	ExoPortail	5	105
chrisfrayt	IOANIDIS1	5	98
chrisfrayt	jsp1963	5	116
christophe_1966	RetourMarina	5	76
clobala2	FayalHouari1	5	133
CNEWS	Limportant_fr	5	66
CogiitoCom	kittylt	5	104
conspjustice	edira2	5	70
conspjustice	Jdd_MOUTSINGA	5	99
conspjustice	jfphilos	5	55
conspjustice	JJKer3	5	72
conspjustice	MegaSweatheart	5	105
conspjustice	Othman28800	5	72
conspjustice	ZayUma	5	85
Costes_Olivier	jsp1963	5	127
DAmatoArmelle	xelibris	5	79
Danygo97	babibelle33	5	73
Danygo97	carcajou76865	5	72
Danygo97	Kamalstar1979	5	69
DemeulenaereO	FritzHelmut3	5	75
DespaigneElyane	Kamalstar1979	5	81
DespaigneElyane	LevyLoiseau	5	93
DespaigneElyane	reseau_internat	5	83
Disciple2Dieu	PERLOU55	5	82
DocteurGonzo4	LevyLoiseau	5	112
dollyragot	Rakiko_Hime	5	71
DOMINIQUEJAMAIS	LevyLoiseau	5	60
DOMINIQUEJAMAIS	steffvenere	5	60
ecureuil1065	Kamalstar1979	5	96
ecureuil1065	laizet2	5	84
ecureuil1065	reseau_internat	5	98
edira2	conspjustice	5	70
edira2	jsp1963	5	109
edira2	Kernunnos	5	70
edira2	laizet2	5	110
elokar59d	2022_pour	5	55
Esprit10Libre	marielenbenede	5	142
Esprit10Libre	MARTELCharles13	5	142
ExoPortail	chrisfrayt	5	105
ExoPortail	IOANIDIS1	5	78
ExoPortail	Rakiko_Hime	5	94
ExoPortail	RetourMarina	5	70
ExoPortail	tambour2003	5	101
Expansion69	marielenbenede	5	134
Expansion69	MARTELCharles13	5	134
FayalHouari1	clobala2	5	133
Fn92Chatillon	jmlibessart62	5	153
FrancePelletie9	jmlibessart62	5	143
FranceRsistanc1	Barberis888	5	78
FranceRsistanc1	jmlibessart62	5	153
FranceRsistanc1	loindevant	5	72
Frg05815731	jmlibessart62	5	153
FritzHelmut3	DemeulenaereO	5	75
fulberti_laving	babibelle33	5	75
fulberti_laving	jsp1963	5	77
fulberti_laving	laizet2	5	80
g_beauregard51	jmlibessart62	5	153
ganga2410	LevyLoiseau	5	88
generalklaus1	TDvir	5	85
GeneviveCaron18	Alvisyma	5	141
GeneviveCaron18	ZonefrC	5	107
herve_ferrant	janyabadi	5	77
herve_ferrant	Rakiko_Hime	5	74
Humanite_Danger	steffvenere	5	59
IOANIDIS1	chrisfrayt	5	98
IOANIDIS1	ExoPortail	5	78
IOANIDIS1	jsp1963	5	106
IOANIDIS1	Kernunnos	5	93
IOANIDIS1	RegisFaguelin	5	105
IOANIDIS1	Thaghost33	5	71
IrishCo82996599	YAR31753160	5	80
JahardF	Barberis888	5	102
JahardF	jsp1963	5	122
JANVIERClaude1	Barberis888	5	70
janyabadi	herve_ferrant	5	77
Jdd_MOUTSINGA	conspjustice	5	99
jeannick_odier	LevyLoiseau	5	104
jeannick_odier	reseau_internat	5	103
JeanSimple2	RetourMarina	5	76
JEMINFORMETV	jsp1963	5	65
JEMINFORMETV	Rakiko_Hime	5	59
jfphilos	conspjustice	5	55
JJKer3	conspjustice	5	72
JJKer3	loindevant	5	79
JJKer3	Rakiko_Hime	5	75
jmlibessart62	bernardrobert_	5	153
jmlibessart62	Fn92Chatillon	5	153
jmlibessart62	FrancePelletie9	5	143
jmlibessart62	FranceRsistanc1	5	153
jmlibessart62	Frg05815731	5	153
jmlibessart62	g_beauregard51	5	153
jmlibessart62	KimuraKatia	5	153
jmlibessart62	LJCAubin	5	153
jmlibessart62	MichelPerrin01	5	143
jmlibessart62	papicky	5	131
jmlibessart62	schopges	5	153
jmlibessart62	tipoy971	5	153
jmlibessart62	tong_isabelle	5	153
JoelGelanor	nixiane	5	87
jsp1963	belindageoly	5	108
jsp1963	chrisfrayt	5	116
jsp1963	Costes_Olivier	5	127
jsp1963	edira2	5	109
jsp1963	fulberti_laving	5	77
jsp1963	IOANIDIS1	5	106
jsp1963	JahardF	5	122
jsp1963	JEMINFORMETV	5	65
jsp1963	Krieger66362259	5	98
jsp1963	RetourMarina	5	76
Kamalstar1979	belindageoly	5	65
Kamalstar1979	Danygo97	5	69
Kamalstar1979	DespaigneElyane	5	81
Kamalstar1979	ecureuil1065	5	96
Kamalstar1979	laizet2	5	82
Kernunnos	cherielle100	5	85
Kernunnos	edira2	5	70
Kernunnos	IOANIDIS1	5	93
Kernunnos	laizet2	5	72
Kernunnos	languillem	5	82
Kernunnos	Reacdirect	5	97
Kernunnos	xelibris	5	76
kha_zeli	loindevant	5	74
KimuraKatia	jmlibessart62	5	153
kittylt	CogiitoCom	5	104
kittylt	marielenbenede	5	142
kittylt	MARTELCharles13	5	142
kittylt	philippejandrok	5	104
Krieger66362259	jsp1963	5	98
Krieger66362259	loindevant	5	90
Krieger66362259	Rakiko_Hime	5	89
Krieger66362259	thalassa2008	5	66
Krieger66362259	xelibris	5	87
laizet2	babibelle33	5	71
laizet2	BRivarel	5	94
laizet2	ecureuil1065	5	84
laizet2	edira2	5	110
laizet2	fulberti_laving	5	80
laizet2	Kamalstar1979	5	82
laizet2	Kernunnos	5	72
laizet2	Redragon974	5	86
laizet2	ROYChri74169214	5	104
laizet2	steffvenere	5	78
laizet2	Thaghost33	5	70
laizet2	xelibris	5	109
languillem	carcajou76865	5	66
languillem	Kernunnos	5	82
languillem	LevyLoiseau	5	89
LantierPatrick	RetourMarina	5	76
laurent_daniel	Resistance_R	5	70
laurent_daniel	ZOREIL1945	5	72
lavenircnous	CharhiJalel	5	75
LeParrainMahrez	Rakiko_Hime	5	115
LevyLoiseau	abchilamri	5	102
LevyLoiseau	ADuferret	5	76
LevyLoiseau	Annassiri2	5	94
LevyLoiseau	belindageoly	5	90
LevyLoiseau	carolyonne89	5	94
LevyLoiseau	DespaigneElyane	5	93
LevyLoiseau	DocteurGonzo4	5	112
LevyLoiseau	DOMINIQUEJAMAIS	5	60
LevyLoiseau	ganga2410	5	88
LevyLoiseau	jeannick_odier	5	104
LevyLoiseau	languillem	5	89
LevyLoiseau	LilaSolovski	5	132
LevyLoiseau	MouslimAli	5	72
LevyLoiseau	Padraig41311678	5	84
LevyLoiseau	sunuker_com	5	83
LevyLoiseau	tradefutur	5	70
LevyLoiseau	veritebeaute	5	65
LilaSolovski	LevyLoiseau	5	132
Limportant_fr	CNEWS	5	66
LJCAubin	jmlibessart62	5	153
loindevant	babibelle33	5	71
loindevant	FranceRsistanc1	5	72
loindevant	JJKer3	5	79
loindevant	kha_zeli	5	74
loindevant	Krieger66362259	5	90
loindevant	pedromido67	5	94
loindevant	schopges	5	78
loindevant	thalassa2008	5	66
LuckyLu32431232	carcajou76865	5	97
marielenbenede	amarycarmen1	5	142
marielenbenede	Esprit10Libre	5	142
marielenbenede	Expansion69	5	134
marielenbenede	kittylt	5	142
marielenbenede	schopges	5	153
MARTELCharles13	amarycarmen1	5	142
MARTELCharles13	Esprit10Libre	5	142
MARTELCharles13	Expansion69	5	134
MARTELCharles13	kittylt	5	142
mayasdolly	MouslimAli	5	64
mcdsp1968	RetourMarina	5	76
MegaSweatheart	conspjustice	5	105
MichelPerrin01	jmlibessart62	5	143
millavart	ADuferret	5	85
millavart	ycelesti	5	67
MouslimAli	Bartolijacques	5	60
MouslimAli	LevyLoiseau	5	72
MouslimAli	mayasdolly	5	64
nixiane	JoelGelanor	5	87
nixiane	Reacdirect	5	80
Othman28800	conspjustice	5	72
Othman28800	Rakiko_Hime	5	77
Padraig41311678	LevyLoiseau	5	84
Padraig41311678	pedromido67	5	76
papicky	jmlibessart62	5	131
pedromido67	carcajou76865	5	73
pedromido67	loindevant	5	94
pedromido67	Padraig41311678	5	76
PERLOU55	Disciple2Dieu	5	82
pg837	Rakiko_Hime	5	125
phantoma_s	Rakiko_Hime	5	115
philippejandrok	kittylt	5	104
PierreBourdon7	Rakiko_Hime	5	125
Rakiko_Hime	ChantalDesbros4	5	125
Rakiko_Hime	dollyragot	5	71
Rakiko_Hime	ExoPortail	5	94
Rakiko_Hime	herve_ferrant	5	74
Rakiko_Hime	JEMINFORMETV	5	59
Rakiko_Hime	JJKer3	5	75
Rakiko_Hime	Krieger66362259	5	89
Rakiko_Hime	LeParrainMahrez	5	115
Rakiko_Hime	Othman28800	5	77
Rakiko_Hime	pg837	5	125
Rakiko_Hime	phantoma_s	5	115
Rakiko_Hime	PierreBourdon7	5	125
Rakiko_Hime	RegisFaguelin	5	110
Rakiko_Hime	rere2763hamy	5	125
Rakiko_Hime	Spirite21	5	89
Rakiko_Hime	Val1Stenchon	5	125
Reacdirect	Kernunnos	5	97
Reacdirect	nixiane	5	80
Redragon974	laizet2	5	86
RegisFaguelin	IOANIDIS1	5	105
RegisFaguelin	Rakiko_Hime	5	110
rere2763hamy	Rakiko_Hime	5	125
reseau_internat	carcajou76865	5	69
reseau_internat	DespaigneElyane	5	83
reseau_internat	ecureuil1065	5	98
reseau_internat	jeannick_odier	5	103
Resistance_R	laurent_daniel	5	70
RetourMarina	Charlin16220356	5	76
RetourMarina	christophe_1966	5	76
RetourMarina	ExoPortail	5	70
RetourMarina	JeanSimple2	5	76
RetourMarina	jsp1963	5	76
RetourMarina	LantierPatrick	5	76
RetourMarina	mcdsp1968	5	76
ROYChri74169214	laizet2	5	104
schopges	jmlibessart62	5	153
schopges	loindevant	5	78
schopges	marielenbenede	5	153
Spirite21	Rakiko_Hime	5	89
steffvenere	DOMINIQUEJAMAIS	5	60
steffvenere	Humanite_Danger	5	59
steffvenere	laizet2	5	78
sunuker_com	LevyLoiseau	5	83
tambour2003	ExoPortail	5	101
TDvir	generalklaus1	5	85
Thaghost33	0Vasil	5	71
Thaghost33	IOANIDIS1	5	71
Thaghost33	laizet2	5	70
thalassa2008	Krieger66362259	5	66
thalassa2008	loindevant	5	66
tipoy971	jmlibessart62	5	153
tong_isabelle	jmlibessart62	5	153
tradefutur	LevyLoiseau	5	70
Val1Stenchon	Rakiko_Hime	5	125
veritebeaute	LevyLoiseau	5	65
xelibris	DAmatoArmelle	5	79
xelibris	Kernunnos	5	76
xelibris	Krieger66362259	5	87
xelibris	laizet2	5	109
YAR31753160	IrishCo82996599	5	80
ycelesti	ADuferret	5	67
ycelesti	millavart	5	67
ZayUma	Barberis888	5	95
ZayUma	conspjustice	5	85
ZonefrC	GeneviveCaron18	5	107
ZOREIL1945	laurent_daniel	5	72
